{"accuracy": [0.6031723618507385, 0.8561490774154663, 0.912781834602356, 0.9395689368247986, 0.9552457332611084, 0.9645351767539978, 0.9721601605415344, 0.975986897945404, 0.9786756038665771, 0.9804537892341614], "loss": [1.347876787185669, 0.4539080262184143, 0.2653309404850006, 0.18398426473140717, 0.1379816234111786, 0.10866846889257431, 0.087089404463768, 0.07454318553209305, 0.06440576165914536, 0.059640780091285706], "val_accuracy": [0.8358752727508545, 0.9193034172058105, 0.9339289665222168, 0.9440587162971497, 0.959936261177063, 0.9590826034545898, 0.9574322700500488, 0.9602777361869812, 0.9366605877876282, 0.9655702114105225], "val_loss": [0.523596465587616, 0.2512786090373993, 0.20377564430236816, 0.1724388599395752, 0.1308104693889618, 0.1308673918247223, 0.14156121015548706, 0.1328098475933075, 0.23222734034061432, 0.11958900094032288]}